<application>
  <component name="FindSettings">
    <option name="caseSensitive" value="true" />
    <option name="customScope" value="Project Source Files" />
    <option name="defaultScopeName" value="Project Source Files" />
    <option name="CASE_SENSITIVE_SEARCH" value="true" />
    <option name="SEARCH_SCOPE" value="Project Source Files" />
    <mask>*Test.kt</mask>
    <mask>*Component*</mask>
    <mask>*Activity.kt</mask>
    <mask>*.xml</mask>
    <mask>*.kt</mask>
    <mask>*ViewHolder*</mask>
    <mask>*</mask>
    <mask>*Fragment*</mask>
    <mask>*kt</mask>
    <mask>*Adapter*kt</mask>
    <mask>*xml</mask>
  </component>
</application>