<keymap version="1" name="Emacs copy" parent="Emacs">
  <action id="$Delete">
    <keyboard-shortcut first-keystroke="delete" />
  </action>
  <action id="CleanGradleProject">
    <keyboard-shortcut first-keystroke="ctrl x" second-keystroke="ctrl c" />
  </action>
  <action id="CloseAllEditors" />
  <action id="CloseContent">
    <keyboard-shortcut first-keystroke="ctrl f4" />
    <keyboard-shortcut first-keystroke="ctrl x" second-keystroke="k" />
    <keyboard-shortcut first-keystroke="ctrl x" second-keystroke="0" />
    <mouse-shortcut keystroke="button2" />
  </action>
  <action id="CompareTwoFiles" />
  <action id="Debug">
    <keyboard-shortcut first-keystroke="ctrl x" second-keystroke="ctrl d" />
  </action>
  <action id="Diff.ShowDiff" />
  <action id="DomElementsTreeView.DeleteElement">
    <keyboard-shortcut first-keystroke="delete" />
  </action>
  <action id="EditorCreateRectangularSelectionOnMouseDrag">
    <mouse-shortcut keystroke="alt button1" />
  </action>
  <action id="EditorPasteFromX11" />
  <action id="FileChooser.GotoDesktop" />
  <action id="FindUsages">
    <keyboard-shortcut first-keystroke="alt z" second-keystroke="alt z" />
  </action>
  <action id="Git.Commit.And.Push.Executor">
    <keyboard-shortcut first-keystroke="ctrl alt k" />
    <keyboard-shortcut first-keystroke="meta g" second-keystroke="meta z" />
  </action>
  <action id="Git.Fetch">
    <keyboard-shortcut first-keystroke="meta g" second-keystroke="meta f" />
  </action>
  <action id="Git.Pull">
    <keyboard-shortcut first-keystroke="meta g" second-keystroke="meta p" />
  </action>
  <action id="Git.Rebase">
    <keyboard-shortcut first-keystroke="meta g" second-keystroke="meta r" />
  </action>
  <action id="NextProjectWindow" />
  <action id="RebuildGradleProject">
    <keyboard-shortcut first-keystroke="ctrl x" second-keystroke="ctrl b" />
  </action>
  <action id="Replace">
    <keyboard-shortcut first-keystroke="meta s" />
  </action>
  <action id="Run">
    <keyboard-shortcut first-keystroke="ctrl x" second-keystroke="ctrl r" />
  </action>
  <action id="SendEOF" />
  <action id="ShowReformatFileDialog">
    <keyboard-shortcut first-keystroke="shift ctrl alt l" />
    <keyboard-shortcut first-keystroke="ctrl x" second-keystroke="ctrl l" />
  </action>
  <action id="UsageView.Exclude">
    <keyboard-shortcut first-keystroke="delete" />
  </action>
  <action id="XDebugger.AttachToProcess">
    <keyboard-shortcut first-keystroke="ctrl d" second-keystroke="ctrl d" />
  </action>
  <action id="android.deploy.ApplyChanges">
    <keyboard-shortcut first-keystroke="ctrl meta e" />
  </action>
  <action id="android.deploy.CodeSwap">
    <keyboard-shortcut first-keystroke="shift ctrl meta e" />
  </action>
  <action id="openAssertEqualsDiff" />
</keymap>