<profile version="1.0">
  <option name="myName" value="Android" />
  <inspection_tool class="BooleanMethodNameMustStartWithQuestion" enabled="true" level="WARNING" enabled_by_default="true">
    <option name="ignoreBooleanMethods" value="false" />
    <option name="ignoreInAnnotationInterface" value="true" />
    <option name="onlyWarnOnBaseMethods" value="true" />
    <option name="questionString" value="is,can,has,should,could,will,shall,check,contains,equals,add,put,remove,startsWith,endsWith" />
  </inspection_tool>
  <inspection_tool class="ControlFlowStatementWithoutBraces" enabled="true" level="ERROR" enabled_by_default="true" />
  <inspection_tool class="InstantiationOfUtilityClass" enabled="true" level="ERROR" enabled_by_default="true" />
  <inspection_tool class="LiteralAsArgToStringEquals" enabled="true" level="ERROR" enabled_by_default="true" />
  <inspection_tool class="LoggerInitializedWithForeignClass" enabled="false" level="WARNING" enabled_by_default="false">
    <option name="loggerClassName" value="org.apache.log4j.Logger,org.slf4j.LoggerFactory,org.apache.commons.logging.LogFactory,java.util.logging.Logger" />
    <option name="loggerFactoryMethodName" value="getLogger,getLogger,getLog,getLogger" />
  </inspection_tool>
  <inspection_tool class="MagicNumber" enabled="true" level="ERROR" enabled_by_default="true" />
  <inspection_tool class="MissingOverrideAnnotation" enabled="true" level="ERROR" enabled_by_default="true">
    <option name="ignoreObjectMethods" value="true" />
    <option name="ignoreAnonymousClassMethods" value="false" />
  </inspection_tool>
  <inspection_tool class="MisspelledCompareTo" enabled="true" level="ERROR" enabled_by_default="true" />
  <inspection_tool class="MisspelledEquals" enabled="true" level="ERROR" enabled_by_default="true" />
  <inspection_tool class="MisspelledHashcode" enabled="true" level="ERROR" enabled_by_default="true" />
  <inspection_tool class="MisspelledToString" enabled="true" level="ERROR" enabled_by_default="true" />
  <inspection_tool class="NestingDepth" enabled="true" level="ERROR" enabled_by_default="true">
    <option name="m_limit" value="3" />
  </inspection_tool>
  <inspection_tool class="NonBooleanMethodNameMayNotStartWithQuestion" enabled="true" level="WARNING" enabled_by_default="true">
    <option name="questionString" value="is,can,has,should,could,will,shall,check,contains,equals,startsWith,endsWith" />
    <option name="ignoreBooleanMethods" value="false" />
    <option name="onlyWarnOnBaseMethods" value="true" />
  </inspection_tool>
  <inspection_tool class="NonCommentSourceStatements" enabled="true" level="ERROR" enabled_by_default="true">
    <option name="m_limit" value="20" />
  </inspection_tool>
  <inspection_tool class="PointlessNullCheck" enabled="true" level="ERROR" enabled_by_default="true" />
  <inspection_tool class="SerializableHasSerialVersionUIDField" enabled="true" level="WARNING" enabled_by_default="true">
    <option name="ignoreAnonymousInnerClasses" value="false" />
    <option name="superClassString" value="" />
  </inspection_tool>
  <inspection_tool class="VariableNotUsedInsideIf" enabled="true" level="ERROR" enabled_by_default="true" />
</profile>